# x_m, y_m, w_tr_right_m, w_tr_left_m
0.000000000000000000e+00, 0.000000000000000000e+00, 1.000000000000000000e+00, 1.000000000000000000e+00
8.572970688533132488e-03, 6.811432740157159493e-01, 1.000000000000000000e+00, 1.000000000000000000e+00
1.515455967509069662e-02, 1.362308700508930492e+00, 1.000000000000000000e+00, 1.000000000000000000e+00
2.013276244902044779e-02, 2.043487732086100461e+00, 1.000000000000000000e+00, 1.000000000000000000e+00
2.378632989821198931e-02, 2.724675156374132712e+00, 1.000000000000000000e+00, 1.000000000000000000e+00
2.631774646717986027e-02, 3.405867675045198162e+00, 1.000000000000000000e+00, 1.000000000000000000e+00
2.787498656291518412e-02, 4.087063117313095795e+00, 1.000000000000000000e+00, 1.000000000000000000e+00
2.856605833848107137e-02, 4.768259988990490861e+00, 1.000000000000000000e+00, 1.000000000000000000e+00
2.846880833947125489e-02, 5.449457204270846233e+00, 1.000000000000000000e+00, 1.000000000000000000e+00
2.763753405306488414e-02, 6.130653919285186326e+00, 1.000000000000000000e+00, 1.000000000000000000e+00
2.610738027517527440e-02, 6.811849422934978193e+00, 1.000000000000000000e+00, 1.000000000000000000e+00
2.389713406851115204e-02, 7.493043059410666729e+00, 1.000000000000000000e+00, 1.000000000000000000e+00
2.101079690047527246e-02, 8.174234166678685298e+00, 1.000000000000000000e+00, 1.000000000000000000e+00
-3.081026157602991811e-01, 8.770651819980503916e+00, 1.000000000000000000e+00, 1.000000000000000000e+00
-8.828646622628980589e-01, 9.136272176995010597e+00, 1.000000000000000000e+00, 1.000000000000000000e+00
-1.541342724352989579e+00, 9.310732193357921460e+00, 1.000000000000000000e+00, 1.000000000000000000e+00
-2.206420157312823260e+00, 9.458047038946620688e+00, 1.000000000000000000e+00, 1.000000000000000000e+00
-2.872294639729978005e+00, 9.601716204841602931e+00, 1.000000000000000000e+00, 1.000000000000000000e+00
-3.538290256495452368e+00, 9.744822787542956277e+00, 1.000000000000000000e+00, 1.000000000000000000e+00
-4.204285873260914741e+00, 9.887929370244307847e+00, 1.000000000000000000e+00, 1.000000000000000000e+00
-4.870281490026378002e+00, 1.003103595294567185e+01, 1.000000000000000000e+00, 1.000000000000000000e+00
-5.536277106791840374e+00, 1.017414253564702520e+01, 1.000000000000000000e+00, 1.000000000000000000e+00
-6.202272723557303635e+00, 1.031724911834837854e+01, 1.000000000000000000e+00, 1.000000000000000000e+00
-6.868268340322777554e+00, 1.046035570104974255e+01, 1.000000000000000000e+00, 1.000000000000000000e+00
-7.534263957088239927e+00, 1.060346228375109412e+01, 1.000000000000000000e+00, 1.000000000000000000e+00
-8.200259573853713846e+00, 1.074656886645244747e+01, 1.000000000000000000e+00, 1.000000000000000000e+00
-8.866255190619176219e+00, 1.088967544915379904e+01, 1.000000000000000000e+00, 1.000000000000000000e+00
-9.532250807384640368e+00, 1.103278203185516304e+01, 1.000000000000000000e+00, 1.000000000000000000e+00
-1.019824642415010274e+01, 1.117588861455651639e+01, 1.000000000000000000e+00, 1.000000000000000000e+00
-1.086424204091556511e+01, 1.131899519725786973e+01, 1.000000000000000000e+00, 1.000000000000000000e+00
-1.153023765768103992e+01, 1.146210177995923374e+01, 1.000000000000000000e+00, 1.000000000000000000e+00
-1.219623327444650229e+01, 1.160520836266058531e+01, 1.000000000000000000e+00, 1.000000000000000000e+00
-1.286222889121197710e+01, 1.174831494536193865e+01, 1.000000000000000000e+00, 1.000000000000000000e+00
-1.352822450797743947e+01, 1.189142152806330266e+01, 1.000000000000000000e+00, 1.000000000000000000e+00
-1.419422012474290185e+01, 1.203452811076465423e+01, 1.000000000000000000e+00, 1.000000000000000000e+00
-1.486021574150836422e+01, 1.217763469346600758e+01, 1.000000000000000000e+00, 1.000000000000000000e+00
-1.552621135827382659e+01, 1.232074127616737158e+01, 1.000000000000000000e+00, 1.000000000000000000e+00
-1.619220697503930140e+01, 1.246384785886872493e+01, 1.000000000000000000e+00, 1.000000000000000000e+00
-1.685820259180476555e+01, 1.260695444157007650e+01, 1.000000000000000000e+00, 1.000000000000000000e+00
-1.752419820857022614e+01, 1.275006102427142984e+01, 1.000000000000000000e+00, 1.000000000000000000e+00
-1.819019382533570095e+01, 1.289316760697279385e+01, 1.000000000000000000e+00, 1.000000000000000000e+00
-1.885618944210116510e+01, 1.303627418967414542e+01, 1.000000000000000000e+00, 1.000000000000000000e+00
-1.952218505886662570e+01, 1.317938077237549876e+01, 1.000000000000000000e+00, 1.000000000000000000e+00
-2.018818067563208984e+01, 1.332248735507686277e+01, 1.000000000000000000e+00, 1.000000000000000000e+00
-2.085417629239755399e+01, 1.346559393777821612e+01, 1.000000000000000000e+00, 1.000000000000000000e+00
-2.152017190916301459e+01, 1.360870052047956769e+01, 1.000000000000000000e+00, 1.000000000000000000e+00
-2.218616752592847874e+01, 1.375180710318092103e+01, 1.000000000000000000e+00, 1.000000000000000000e+00
-2.285216314269393934e+01, 1.389491368588228504e+01, 1.000000000000000000e+00, 1.000000000000000000e+00
-2.351815875945940348e+01, 1.403802026858363661e+01, 1.000000000000000000e+00, 1.000000000000000000e+00
-2.418415437622486763e+01, 1.418112685128500061e+01, 1.000000000000000000e+00, 1.000000000000000000e+00
-2.485014999299032823e+01, 1.432423343398635396e+01, 1.000000000000000000e+00, 1.000000000000000000e+00
-2.551614560975579238e+01, 1.446734001668770730e+01, 1.000000000000000000e+00, 1.000000000000000000e+00
-2.618214122652125297e+01, 1.461044659938905887e+01, 1.000000000000000000e+00, 1.000000000000000000e+00
-2.684813684328671712e+01, 1.475355318209042288e+01, 1.000000000000000000e+00, 1.000000000000000000e+00
-2.751413246005219193e+01, 1.489665976479177623e+01, 1.000000000000000000e+00, 1.000000000000000000e+00
-2.818012807681765253e+01, 1.503976634749312780e+01, 1.000000000000000000e+00, 1.000000000000000000e+00
-2.884612369358311668e+01, 1.518287293019449180e+01, 1.000000000000000000e+00, 1.000000000000000000e+00
-2.951211931034858083e+01, 1.532597951289584515e+01, 1.000000000000000000e+00, 1.000000000000000000e+00
-3.017811492711404142e+01, 1.546908609559719849e+01, 1.000000000000000000e+00, 1.000000000000000000e+00
-3.080489307859127379e+01, 1.573587965697763735e+01, 1.000000000000000000e+00, 1.000000000000000000e+00
-3.136639282830914510e+01, 1.612155787340947199e+01, 1.000000000000000000e+00, 1.000000000000000000e+00
-3.183766868585173881e+01, 1.661342037620955736e+01, 1.000000000000000000e+00, 1.000000000000000000e+00
-3.214141272056026821e+01, 1.722314918227193559e+01, 1.000000000000000000e+00, 1.000000000000000000e+00
-3.231075108885998759e+01, 1.788296292309950175e+01, 1.000000000000000000e+00, 1.000000000000000000e+00
-3.238640540777720389e+01, 1.855994599496499475e+01, 1.000000000000000000e+00, 1.000000000000000000e+00
-3.239946241357178280e+01, 1.924101806909735757e+01, 1.000000000000000000e+00, 1.000000000000000000e+00
-3.237061146911126031e+01, 1.992160405085645891e+01, 1.000000000000000000e+00, 1.000000000000000000e+00
-3.231314984223384812e+01, 2.060037339091232056e+01, 1.000000000000000000e+00, 1.000000000000000000e+00
-3.223564190550140296e+01, 2.127714674684970220e+01, 1.000000000000000000e+00, 1.000000000000000000e+00
-3.214369020222095941e+01, 2.195210936790889633e+01, 1.000000000000000000e+00, 1.000000000000000000e+00
-3.204103347548966241e+01, 2.262552695902164857e+01, 1.000000000000000000e+00, 1.000000000000000000e+00
-3.193021857022185372e+01, 2.329765024557981690e+01, 1.000000000000000000e+00, 1.000000000000000000e+00
-3.181301468158693169e+01, 2.396868892110613913e+01, 1.000000000000000000e+00, 1.000000000000000000e+00
-3.169067263779641053e+01, 2.463880986532772255e+01, 1.000000000000000000e+00, 1.000000000000000000e+00
-3.156409005105881604e+01, 2.530814274536433217e+01, 1.000000000000000000e+00, 1.000000000000000000e+00
-3.143391836670326356e+01, 2.597678688700867866e+01, 1.000000000000000000e+00, 1.000000000000000000e+00
-3.130063337542263824e+01, 2.664481740028078605e+01, 1.000000000000000000e+00, 1.000000000000000000e+00
-3.116458228296245636e+01, 2.731229006324433684e+01, 1.000000000000000000e+00, 1.000000000000000000e+00
-3.102601540798823976e+01, 2.797924499179885061e+01, 1.000000000000000000e+00, 1.000000000000000000e+00
-3.088510754875481723e+01, 2.864570926748774582e+01, 1.000000000000000000e+00, 1.000000000000000000e+00
-3.074197219439348672e+01, 2.931169870125912880e+01, 1.000000000000000000e+00, 1.000000000000000000e+00
-3.059667058049855726e+01, 2.997721887117346640e+01, 1.000000000000000000e+00, 1.000000000000000000e+00
-3.071556926401186161e+01, 3.064795932665685996e+01, 1.000000000000000000e+00, 1.000000000000000000e+00
-3.109924556961343711e+01, 3.121082889243848513e+01, 1.000000000000000000e+00, 1.000000000000000000e+00
-3.166994587024957042e+01, 3.158275741032479189e+01, 1.000000000000000000e+00, 1.000000000000000000e+00
-3.232758309239134320e+01, 3.176036073128731374e+01, 1.000000000000000000e+00, 1.000000000000000000e+00
-3.300814264035905410e+01, 3.178982863303247086e+01, 1.000000000000000000e+00, 1.000000000000000000e+00
-3.368574793344080121e+01, 3.171996646622622151e+01, 1.000000000000000000e+00, 1.000000000000000000e+00
-3.435358896105100968e+01, 3.158573525747126709e+01, 1.000000000000000000e+00, 1.000000000000000000e+00
-3.501157626834287129e+01, 3.140943336013016562e+01, 1.000000000000000000e+00, 1.000000000000000000e+00
-3.566135844124344345e+01, 3.120495161682801211e+01, 1.000000000000000000e+00, 1.000000000000000000e+00
-3.630469975976372865e+01, 3.098102840800889979e+01, 1.000000000000000000e+00, 1.000000000000000000e+00
-3.694306019298700505e+01, 3.074327725058107319e+01, 1.000000000000000000e+00, 1.000000000000000000e+00
-3.757755376606530007e+01, 3.049539106442782810e+01, 1.000000000000000000e+00, 1.000000000000000000e+00
-3.820900600197998642e+01, 3.023985686060841616e+01, 1.000000000000000000e+00, 1.000000000000000000e+00
-3.883802335884831791e+01, 2.997838636452588901e+01, 1.000000000000000000e+00, 1.000000000000000000e+00
-3.946505147016207360e+01, 2.971218079887111330e+01, 1.000000000000000000e+00, 1.000000000000000000e+00
-4.009041895883004258e+01, 2.944209718278083443e+01, 1.000000000000000000e+00, 1.000000000000000000e+00
-4.071436900685797156e+01, 2.916875491907248019e+01, 1.000000000000000000e+00, 1.000000000000000000e+00
-4.133708169020479062e+01, 2.889260537704448240e+01, 1.000000000000000000e+00, 1.000000000000000000e+00
-4.195868964989332284e+01, 2.861397802731884354e+01, 1.000000000000000000e+00, 1.000000000000000000e+00
-4.257928902037283336e+01, 2.833311137404061952e+01, 1.000000000000000000e+00, 1.000000000000000000e+00
-4.319894697016553664e+01, 2.805017378229649694e+01, 1.000000000000000000e+00, 1.000000000000000000e+00
-4.381770677966974858e+01, 2.776527739111966397e+01, 1.000000000000000000e+00, 1.000000000000000000e+00
-4.443559106835306949e+01, 2.747848711694429369e+01, 1.000000000000000000e+00, 1.000000000000000000e+00
-4.505260355658322169e+01, 2.718982599221270746e+01, 1.000000000000000000e+00, 1.000000000000000000e+00
-4.565107037404283119e+01, 2.686445370703303581e+01, 1.000000000000000000e+00, 1.000000000000000000e+00
-4.623037560561280657e+01, 2.650607526984836326e+01, 1.000000000000000000e+00, 1.000000000000000000e+00
-4.678988735073925653e+01, 2.611751862966725923e+01, 1.000000000000000000e+00, 1.000000000000000000e+00
-4.732883691418535932e+01, 2.570090967198089160e+01, 1.000000000000000000e+00, 1.000000000000000000e+00
-4.784622548398492370e+01, 2.525780841560258594e+01, 1.000000000000000000e+00, 1.000000000000000000e+00
-4.822667092108554243e+01, 2.469275007794832533e+01, 1.000000000000000000e+00, 1.000000000000000000e+00
-4.849297156302533551e+01, 2.406576233989778757e+01, 1.000000000000000000e+00, 1.000000000000000000e+00
-4.867557725700746829e+01, 2.340949652783032420e+01, 1.000000000000000000e+00, 1.000000000000000000e+00
-4.879930733476030724e+01, 2.273963047896492284e+01, 1.000000000000000000e+00, 1.000000000000000000e+00
-4.888169725964166901e+01, 2.206343409044948345e+01, 1.000000000000000000e+00, 1.000000000000000000e+00
-4.893461435925637204e+01, 2.138429534458702008e+01, 1.000000000000000000e+00, 1.000000000000000000e+00
-4.896604494779980143e+01, 2.070382361580831443e+01, 1.000000000000000000e+00, 1.000000000000000000e+00
-4.898141294317657923e+01, 2.002279976873585454e+01, 1.000000000000000000e+00, 1.000000000000000000e+00
-4.898445647749143461e+01, 1.934160934568063794e+01, 1.000000000000000000e+00, 1.000000000000000000e+00
-4.897779359862250459e+01, 1.866044470948139633e+01, 1.000000000000000000e+00, 1.000000000000000000e+00
-4.896328626946973372e+01, 1.797940198470994488e+01, 1.000000000000000000e+00, 1.000000000000000000e+00
-4.894227641749360203e+01, 1.729852883816705500e+01, 1.000000000000000000e+00, 1.000000000000000000e+00
-4.891574083199290612e+01, 1.661784865021869706e+01, 1.000000000000000000e+00, 1.000000000000000000e+00
-4.888439408382301821e+01, 1.593737305407843330e+01, 1.000000000000000000e+00, 1.000000000000000000e+00
-4.884875764932870368e+01, 1.525710862012661018e+01, 1.000000000000000000e+00, 1.000000000000000000e+00
-4.880920664208502302e+01, 1.457706055315686733e+01, 1.000000000000000000e+00, 1.000000000000000000e+00
-4.876600135997077246e+01, 1.389723487023461601e+01, 1.000000000000000000e+00, 1.000000000000000000e+00
-4.871930822379226100e+01, 1.321763983891296590e+01, 1.000000000000000000e+00, 1.000000000000000000e+00
-4.866921299905879295e+01, 1.253828711460681689e+01, 1.000000000000000000e+00, 1.000000000000000000e+00
-4.882140397672174004e+01, 1.187430852919817426e+01, 1.000000000000000000e+00, 1.000000000000000000e+00
-4.916492378647929939e+01, 1.128607065565771705e+01, 1.000000000000000000e+00, 1.000000000000000000e+00
-4.966063477718335406e+01, 1.081884451206290265e+01, 1.000000000000000000e+00, 1.000000000000000000e+00
-5.025731815308557060e+01, 1.049021310077480429e+01, 1.000000000000000000e+00, 1.000000000000000000e+00
-5.090949521034792724e+01, 1.029350331061712076e+01, 1.000000000000000000e+00, 1.000000000000000000e+00
-5.153939838110459704e+01, 1.003417407772200320e+01, 1.000000000000000000e+00, 1.000000000000000000e+00
-5.215032908744556295e+01, 9.732854766006017400e+00, 1.000000000000000000e+00, 1.000000000000000000e+00
-5.274612538210360668e+01, 9.402617834644571460e+00, 1.000000000000000000e+00, 1.000000000000000000e+00
-5.333006847827515884e+01, 9.051847089004558811e+00, 1.000000000000000000e+00, 1.000000000000000000e+00
-5.390470889099201912e+01, 8.686035591596578342e+00, 1.000000000000000000e+00, 1.000000000000000000e+00
-5.447196033427377415e+01, 8.308867915810276727e+00, 1.000000000000000000e+00, 1.000000000000000000e+00
-5.503324168785486847e+01, 7.922871934373358904e+00, 1.000000000000000000e+00, 1.000000000000000000e+00
-5.558960291322917158e+01, 7.529817431202019407e+00, 1.000000000000000000e+00, 1.000000000000000000e+00
-5.614182232165899222e+01, 7.130964851272188376e+00, 1.000000000000000000e+00, 1.000000000000000000e+00
-5.669047777936621202e+01, 6.727223790329208697e+00, 1.000000000000000000e+00, 1.000000000000000000e+00
-5.723599761391125185e+01, 6.319255941496459528e+00, 1.000000000000000000e+00, 1.000000000000000000e+00
-5.777869657436428952e+01, 5.907543063526310867e+00, 1.000000000000000000e+00, 1.000000000000000000e+00
-5.831880098606968943e+01, 5.492432379467664383e+00, 1.000000000000000000e+00, 1.000000000000000000e+00
-5.885646607381147533e+01, 5.074167022323553766e+00, 1.000000000000000000e+00, 1.000000000000000000e+00
-5.939178749962934489e+01, 4.652906263857272684e+00, 1.000000000000000000e+00, 1.000000000000000000e+00
-5.992480846670385120e+01, 4.228738485469716757e+00, 1.000000000000000000e+00, 1.000000000000000000e+00
-6.045552322173362114e+01, 3.801688717460217859e+00, 1.000000000000000000e+00, 1.000000000000000000e+00
-6.083221846224648743e+01, 3.234123433692599470e+00, 1.000000000000000000e+00, 1.000000000000000000e+00
-6.100805457280976185e+01, 2.576011499607477884e+00, 1.000000000000000000e+00, 1.000000000000000000e+00
-6.096992372626922929e+01, 1.895882325034460969e+00, 1.000000000000000000e+00, 1.000000000000000000e+00
-6.074272915466574574e+01, 1.253688987948828659e+00, 1.000000000000000000e+00, 1.000000000000000000e+00
-6.037162005600367820e+01, 6.824555046396825198e-01, 1.000000000000000000e+00, 1.000000000000000000e+00
-5.990099970184693490e+01, 1.899657709226744429e-01, 1.000000000000000000e+00, 1.000000000000000000e+00
-5.936464949404285107e+01, -2.299843572494580934e-01, 1.000000000000000000e+00, 1.000000000000000000e+00
-5.878529544336191748e+01, -5.882838681657631685e-01, 1.000000000000000000e+00, 1.000000000000000000e+00
-5.817746837932313753e+01, -8.958158433899257034e-01, 1.000000000000000000e+00, 1.000000000000000000e+00
-5.755035290438785722e+01, -1.161815536359597445e+00, 1.000000000000000000e+00, 1.000000000000000000e+00
-5.690980625182117336e+01, -1.393612088208186606e+00, 1.000000000000000000e+00, 1.000000000000000000e+00
-5.625963472367504181e+01, -1.596852437428970095e+00, 1.000000000000000000e+00, 1.000000000000000000e+00
-5.560237003543547019e+01, -1.775829489468100153e+00, 1.000000000000000000e+00, 1.000000000000000000e+00
-5.493973869853050473e+01, -1.933783175448536618e+00, 1.000000000000000000e+00, 1.000000000000000000e+00
-5.427294862454570534e+01, -2.073141177725472240e+00, 1.000000000000000000e+00, 1.000000000000000000e+00
-5.360286732283142896e+01, -2.195700162121414944e+00, 1.000000000000000000e+00, 1.000000000000000000e+00
-5.293013531494045054e+01, -2.302757628569338522e+00, 1.000000000000000000e+00, 1.000000000000000000e+00
-5.225524041595208757e+01, -2.395205077873026944e+00, 1.000000000000000000e+00, 1.000000000000000000e+00
-5.157856821408689996e+01, -2.473591216865833164e+00, 1.000000000000000000e+00, 1.000000000000000000e+00
-5.096891505114274423e+01, -2.777487048484920340e+00, 1.000000000000000000e+00, 1.000000000000000000e+00
-5.046680468477825343e+01, -3.237829133843831642e+00, 1.000000000000000000e+00, 1.000000000000000000e+00
-5.006961167034749138e+01, -3.791243413430715137e+00, 1.000000000000000000e+00, 1.000000000000000000e+00
-4.975703966546213053e+01, -4.396494103083540494e+00, 1.000000000000000000e+00, 1.000000000000000000e+00
-4.950787031820266293e+01, -5.030484869538042858e+00, 1.000000000000000000e+00, 1.000000000000000000e+00
-4.930526455629736660e+01, -5.680854426640803645e+00, 1.000000000000000000e+00, 1.000000000000000000e+00
-4.913701635491576525e+01, -6.340946994615274335e+00, 1.000000000000000000e+00, 1.000000000000000000e+00
-4.899452777122375124e+01, -7.007075104726766313e+00, 1.000000000000000000e+00, 1.000000000000000000e+00
-4.887176462473875205e+01, -7.677119032710880475e+00, 1.000000000000000000e+00, 1.000000000000000000e+00
-4.876446346722898539e+01, -8.349812214748817851e+00, 1.000000000000000000e+00, 1.000000000000000000e+00
-4.866957995613424970e+01, -9.024368939484110896e+00, 1.000000000000000000e+00, 1.000000000000000000e+00
-4.858491613070194148e+01, -9.700284387026512078e+00, 1.000000000000000000e+00, 1.000000000000000000e+00
-4.850887018920957416e+01, -1.037722357952891983e+01, 1.000000000000000000e+00, 1.000000000000000000e+00
-4.844026802617005956e+01, -1.105495759725975091e+01, 1.000000000000000000e+00, 1.000000000000000000e+00
-4.837824914857059611e+01, -1.173332572326846268e+01, 1.000000000000000000e+00, 1.000000000000000000e+00
-4.832218904668891923e+01, -1.241221225321311294e+01, 1.000000000000000000e+00, 1.000000000000000000e+00
-4.827164638879745695e+01, -1.309153183580773572e+01, 1.000000000000000000e+00, 1.000000000000000000e+00
-4.822632751922654393e+01, -1.377121989339304520e+01, 1.000000000000000000e+00, 1.000000000000000000e+00
-4.818606342915214213e+01, -1.445122611293353465e+01, 1.000000000000000000e+00, 1.000000000000000000e+00
-4.798855977713375864e+01, -1.510316319809027874e+01, 1.000000000000000000e+00, 1.000000000000000000e+00
-4.759929118372530610e+01, -1.566217985056949935e+01, 1.000000000000000000e+00, 1.000000000000000000e+00
-4.702352776756598018e+01, -1.602622125504956330e+01, 1.000000000000000000e+00, 1.000000000000000000e+00
-4.634618477861697983e+01, -1.609858236950275412e+01, 1.000000000000000000e+00, 1.000000000000000000e+00
-4.570379009325878883e+01, -1.587195773759611939e+01, 1.000000000000000000e+00, 1.000000000000000000e+00
-4.518017900238066176e+01, -1.543622722331844699e+01, 1.000000000000000000e+00, 1.000000000000000000e+00
-4.477461635838902509e+01, -1.488891689328457346e+01, 1.000000000000000000e+00, 1.000000000000000000e+00
-4.445425783745328374e+01, -1.428775129744001937e+01, 1.000000000000000000e+00, 1.000000000000000000e+00
-4.418941053805164643e+01, -1.366014826720280695e+01, 1.000000000000000000e+00, 1.000000000000000000e+00
-4.396003237098494054e+01, -1.301873162255099636e+01, 1.000000000000000000e+00, 1.000000000000000000e+00
-4.363610933648796220e+01, -1.241947915214679021e+01, 1.000000000000000000e+00, 1.000000000000000000e+00
-4.324315231837297802e+01, -1.186304906895802702e+01, 1.000000000000000000e+00, 1.000000000000000000e+00
-4.279963199608404523e+01, -1.134601968944464367e+01, 1.000000000000000000e+00, 1.000000000000000000e+00
-4.231848505110193059e+01, -1.086380887154686548e+01, 1.000000000000000000e+00, 1.000000000000000000e+00
-4.180870812735192033e+01, -1.041197135254777884e+01, 1.000000000000000000e+00, 1.000000000000000000e+00
-4.127659460634726685e+01, -9.986665749096211186e+00, 1.000000000000000000e+00, 1.000000000000000000e+00
-4.072659820370181194e+01, -9.584753305098354659e+00, 1.000000000000000000e+00, 1.000000000000000000e+00
-4.016191277701653917e+01, -9.203754585346507255e+00, 1.000000000000000000e+00, 1.000000000000000000e+00
-3.958485744245643900e+01, -8.841764535180756113e+00, 1.000000000000000000e+00, 1.000000000000000000e+00
-3.899713309654550386e+01, -8.497366874348347920e+00, 1.000000000000000000e+00, 1.000000000000000000e+00
-3.839999491139575838e+01, -8.169562598294266564e+00, 1.000000000000000000e+00, 1.000000000000000000e+00
-3.779436984731972160e+01, -7.857716582885757362e+00, 1.000000000000000000e+00, 1.000000000000000000e+00
-3.718093799163274582e+01, -7.561522366210784440e+00, 1.000000000000000000e+00, 1.000000000000000000e+00
-3.656019005098209362e+01, -7.280984223097846098e+00, 1.000000000000000000e+00, 1.000000000000000000e+00
-3.593246934377678770e+01, -7.016415953441526909e+00, 1.000000000000000000e+00, 1.000000000000000000e+00
-3.525269104887581051e+01, -6.972471382163615949e+00, 1.000000000000000000e+00, 1.000000000000000000e+00
-3.457957399745449578e+01, -7.077080610480937395e+00, 1.000000000000000000e+00, 1.000000000000000000e+00
-3.392639484940981021e+01, -7.270436903688278107e+00, 1.000000000000000000e+00, 1.000000000000000000e+00
-3.329100847457424805e+01, -7.516025605050112190e+00, 1.000000000000000000e+00, 1.000000000000000000e+00
-3.266870873144639376e+01, -7.793104448100769410e+00, 1.000000000000000000e+00, 1.000000000000000000e+00
-3.205553596563972008e+01, -8.089834653567379519e+00, 1.000000000000000000e+00, 1.000000000000000000e+00
-3.144867773800757504e+01, -8.399274061397807856e+00, 1.000000000000000000e+00, 1.000000000000000000e+00
-3.084623332877464108e+01, -8.717221210067600978e+00, 1.000000000000000000e+00, 1.000000000000000000e+00
-3.024693187743385181e+01, -9.041053614227678281e+00, 1.000000000000000000e+00, 1.000000000000000000e+00
-2.964991928933271836e+01, -9.369086577833559915e+00, 1.000000000000000000e+00, 1.000000000000000000e+00
-2.905461459588026685e+01, -9.700208877772354299e+00, 1.000000000000000000e+00, 1.000000000000000000e+00
-2.846061668224134777e+01, -1.003366972128456602e+01, 1.000000000000000000e+00, 1.000000000000000000e+00
-2.786764426885561363e+01, -1.036895075642787667e+01, 1.000000000000000000e+00, 1.000000000000000000e+00
-2.727549716316707418e+01, -1.070568724210765055e+01, 1.000000000000000000e+00, 1.000000000000000000e+00
-2.668403101624230800e+01, -1.104361837799961599e+01, 1.000000000000000000e+00, 1.000000000000000000e+00
-2.609314068828227917e+01, -1.138255535722521472e+01, 1.000000000000000000e+00, 1.000000000000000000e+00
-2.550274915759371197e+01, -1.172236044261164878e+01, 1.000000000000000000e+00, 1.000000000000000000e+00
-2.491280004915842028e+01, -1.206293305604330079e+01, 1.000000000000000000e+00, 1.000000000000000000e+00
-2.432325256759989074e+01, -1.240420043296537678e+01, 1.000000000000000000e+00, 1.000000000000000000e+00
-2.373407806153087662e+01, -1.274611132334706554e+01, 1.000000000000000000e+00, 1.000000000000000000e+00
-2.314525772545814775e+01, -1.308863178607953870e+01, 1.000000000000000000e+00, 1.000000000000000000e+00
-2.255678112501979271e+01, -1.343174247711056779e+01, 1.000000000000000000e+00, 1.000000000000000000e+00
-2.196864535022782761e+01, -1.377543705951351427e+01, 1.000000000000000000e+00, 1.000000000000000000e+00
-2.132162847199372280e+01, -1.398850703591437572e+01, 1.000000000000000000e+00, 1.000000000000000000e+00
-2.064318232866603608e+01, -1.404966655003166842e+01, 1.000000000000000000e+00, 1.000000000000000000e+00
-1.996969692622717574e+01, -1.394745564912071956e+01, 1.000000000000000000e+00, 1.000000000000000000e+00
-1.934110921468259292e+01, -1.368495394539593235e+01, 1.000000000000000000e+00, 1.000000000000000000e+00
-1.879298156108179896e+01, -1.328049661647066415e+01, 1.000000000000000000e+00, 1.000000000000000000e+00
-1.834964220029218041e+01, -1.276331205875656138e+01, 1.000000000000000000e+00, 1.000000000000000000e+00
-1.802164413912296581e+01, -1.216628029458274796e+01, 1.000000000000000000e+00, 1.000000000000000000e+00
-1.780781182259893214e+01, -1.151951496158070576e+01, 1.000000000000000000e+00, 1.000000000000000000e+00
-1.769956796298381718e+01, -1.084697282727320378e+01, 1.000000000000000000e+00, 1.000000000000000000e+00
-1.768508199599643760e+01, -1.016592964778770991e+01, 1.000000000000000000e+00, 1.000000000000000000e+00
-1.775209174797251066e+01, -9.488036331178534510e+00, 1.000000000000000000e+00, 1.000000000000000000e+00
-1.788938506548015539e+01, -8.820818075634662137e+00, 1.000000000000000000e+00, 1.000000000000000000e+00
-1.808736554164315891e+01, -8.169025634268894720e+00, 1.000000000000000000e+00, 1.000000000000000000e+00
-1.798320816440846315e+01, -7.495838515905166588e+00, 1.000000000000000000e+00, 1.000000000000000000e+00
-1.759142469740175940e+01, -6.938581510077984404e+00, 1.000000000000000000e+00, 1.000000000000000000e+00
-1.701878671173779978e+01, -6.569643313440656662e+00, 1.000000000000000000e+00, 1.000000000000000000e+00
-1.636871447955425296e+01, -6.366085585738756158e+00, 1.000000000000000000e+00, 1.000000000000000000e+00
-1.569372312036513328e+01, -6.274345078963932565e+00, 1.000000000000000000e+00, 1.000000000000000000e+00
-1.501289214421024099e+01, -6.252010409249692202e+00, 1.000000000000000000e+00, 1.000000000000000000e+00
-1.433200064381886740e+01, -6.272416787126656068e+00, 1.000000000000000000e+00, 1.000000000000000000e+00
-1.365244439892432027e+01, -6.319671052416618195e+00, 1.000000000000000000e+00, 1.000000000000000000e+00
-1.297431785752112354e+01, -6.384277936011176990e+00, 1.000000000000000000e+00, 1.000000000000000000e+00
-1.229739287404854764e+01, -6.460450255878294357e+00, 1.000000000000000000e+00, 1.000000000000000000e+00
-1.162140972375624415e+01, -6.544571811285686991e+00, 1.000000000000000000e+00, 1.000000000000000000e+00
-1.094615115437594710e+01, -6.634324360228544215e+00, 1.000000000000000000e+00, 1.000000000000000000e+00
-1.027145127554008575e+01, -6.728184517175719748e+00, 1.000000000000000000e+00, 1.000000000000000000e+00
-9.597187470356425720e+00, -6.825127678783542429e+00, 1.000000000000000000e+00, 1.000000000000000000e+00
-8.923269990695098741e+00, -6.924449812118439240e+00, 1.000000000000000000e+00, 1.000000000000000000e+00
-8.249633141147103998e+00, -7.025657768793450941e+00, 1.000000000000000000e+00, 1.000000000000000000e+00
-7.576228639457497138e+00, -7.128400324083088435e+00, 1.000000000000000000e+00, 1.000000000000000000e+00
-6.903020840643534939e+00, -7.232423952068870676e+00, 1.000000000000000000e+00, 1.000000000000000000e+00
-6.229983366541069323e+00, -7.337543950247357394e+00, 1.000000000000000000e+00, 1.000000000000000000e+00
-5.557096745892796008e+00, -7.443625293167906776e+00, 1.000000000000000000e+00, 1.000000000000000000e+00
-4.884346769539843258e+00, -7.550569787558055523e+00, 1.000000000000000000e+00, 1.000000000000000000e+00
-4.211723352327180869e+00, -7.658307404853229805e+00, 1.000000000000000000e+00, 1.000000000000000000e+00
-3.539219759293087186e+00, -7.766790458458365798e+00, 1.000000000000000000e+00, 1.000000000000000000e+00
-2.866832101269369826e+00, -7.875989784924411374e+00, 1.000000000000000000e+00, 1.000000000000000000e+00
-2.194559039067360384e+00, -7.985892402731327167e+00, 1.000000000000000000e+00, 1.000000000000000000e+00
-1.544769727508378487e+00, -7.781433345345812214e+00, 1.000000000000000000e+00, 1.000000000000000000e+00
-1.035057390869747129e+00, -7.329522967680446754e+00, 1.000000000000000000e+00, 1.000000000000000000e+00
-6.872493540050300664e-01, -6.743810388802723210e+00, 1.000000000000000000e+00, 1.000000000000000000e+00
-4.616651804798493908e-01, -6.101049596424843457e+00, 1.000000000000000000e+00, 1.000000000000000000e+00
-3.150086616251201455e-01, -5.435826685634271627e+00, 1.000000000000000000e+00, 1.000000000000000000e+00
-2.174445031148138918e-01, -4.761652457012735873e+00, 1.000000000000000000e+00, 1.000000000000000000e+00
-1.506545295922251393e-01, -4.083737451278148356e+00, 1.000000000000000000e+00, 1.000000000000000000e+00
-1.036128610473042583e-01, -3.404166456470557378e+00, 1.000000000000000000e+00, 1.000000000000000000e+00
-6.960949085104176093e-02, -2.723818437895824118e+00, 1.000000000000000000e+00, 1.000000000000000000e+00
-4.447408206283398613e-02, -2.043085107737585115e+00, 1.000000000000000000e+00, 1.000000000000000000e+00
-2.555203875344887188e-02, -1.362150740973601337e+00, 1.000000000000000000e+00, 1.000000000000000000e+00
